,a,b
0,1.1100767705827301,-0.9697612063754554
1,1.408998055486731,1.3453799236381507
2,-3.129289991952836,-0.3960565573898917
3,-1.628599717982461,0.4246700116628701
4,0.685353236276489,0.3802436861022791
5,0.05068393365351191,-1.701190656417286
6,-1.0487305398465523,0.9226533496042567
7,-0.04295771317241634,0.7508231118074615
8,0.41624484239606174,1.0205746303139565
9,1.1542330178109321,1.3266326335719922
10,0.3936776579150795,-0.23507895682981267
11,-0.5187966531626771,0.17384157385106336
12,0.12662045545060563,-0.5968483991537589
13,-0.6293971983085606,-0.8833002077090313
14,0.6132364319005801,-0.1800274800520563
15,0.8366329710184849,-0.7891603925517386
16,3.108694580358456,-0.1508153920739467
17,-0.12285399716056808,-0.10725944575286629
18,0.1765624201296621,1.7292637756285978
19,1.0820621385129872,-0.563883093368849
20,-0.35129149980510405,-1.36410360382818
21,0.604680197675434,0.18625497261242374
22,0.6480593868295983,1.0380370829849248
23,-0.31709605054550766,-1.0987227593776494
24,-0.7180870880350455,-0.506550168437444
25,0.7738988642349726,0.776506368417848
26,-1.1190283115432427,-1.716914174259265
27,0.6766204180990696,1.387779876144399
28,-0.19401931544395346,-0.9431144038573773
29,-0.016807425199872682,-1.5087829182401309
30,2.161129374228818,-0.04686362415498895
31,0.11863715559645252,0.03097821096847765
32,-0.8769663575969039,0.29789207898784464
33,0.5226209277304256,0.5155786327668112
34,-0.37293491228586045,-0.40165146779606387
35,0.014699189944214817,-0.18848082571405747
36,1.755153540409038,-0.48315134560322004
37,-0.44701588617591453,-1.0140438658162738
38,-0.11886036251179563,0.7764925590004917
39,-0.786552779277778,3.166072204368619
40,0.15820714649151127,1.3422195888661874
41,-0.43105785623979065,-1.6728979489602172
42,1.0446002164022805,-1.2164711995636557
43,0.16115059593306072,0.4471612320239013
44,1.2554661528449031,0.2840749619970018
45,1.6738161070036728,-0.23591508049073084
46,1.586943600759155,1.3130679855991811
47,0.057862635433601636,0.8317073567333474
48,-0.06563993355777242,1.7084953126108515
49,-0.5335829218076653,0.15044855051345812
50,-0.9621817264643365,0.7568431058159483
51,0.9135364220530138,-0.8417721185592629
52,-0.4265318177953485,-2.712191092957053
53,-1.3433852426708346,-0.303354174568998
54,-0.0005829655777086598,0.8302002108679292
55,-0.27398788751403624,0.8695973585483487
56,0.6745565239824147,-0.24474757634167763
57,-1.4939576379305732,0.16630707532086456
58,0.09203482485021312,-0.09006355223035126
59,-1.7642036826238325,0.5257527072060927
60,-1.4239355372071438,0.13395230026738883
61,1.2105740480504912,0.08643557078882064
62,1.2538191541014947,-0.5535377656531626
63,0.9214132239271303,-0.37535608042823965
64,0.7597415920337615,-1.031397961652908
65,0.05669792654142746,1.1558029588022032
66,-0.08134809275017037,-0.7082077429117758
67,0.08265716497945892,-0.5543491874364066
68,-0.16114873791272574,1.2820846835668922
69,-0.888977227332711,0.29119370019826085
70,0.4967028985554621,-0.4772306771729669
71,0.20834108464854448,1.0005159279147129
72,-0.6648920263082345,1.2125886843878058
73,-0.02847774249483859,-0.7662124946452186
74,-0.8608739461861896,-0.2915314811010812
75,0.18036426605035719,-0.17091451872573873
76,2.0385188871804627,-0.5813835220660725
77,0.006242746506560944,2.749400007144435
78,-0.2061928152909628,0.04700307836363376
79,-0.8644487035224291,-1.3190709363733022
80,-1.6110289223493162,-0.44426496190327863
81,-0.48445226996758095,-0.5537683909010832
82,0.7998766990886944,-1.9668074131935271
83,0.20946024646845218,1.6246887616417331
84,2.6053357767388787,1.134693970832248
85,0.6089539383487148,0.20889520723708482
86,1.4866775390304952,-1.0377283738205247
87,0.797729805271134,0.1935244403437241
88,0.7341927257257109,-1.1744681705918731
89,-0.8203427594122557,0.5898020774698228
90,0.6740806078931827,-0.38490324036270757
91,0.1036850612569646,-0.9654714814123847
92,-0.03907020239009701,-1.0230008154899477
93,-3.3839806520279474,-1.198351737507204
94,0.5550711455958054,-2.637549213816442
95,2.4123001024091644,2.5745859906035893
96,0.4604724333028368,-1.231607811157062
97,1.2376226000717185,-0.7095466219699149
98,-0.23135296817001294,0.14059255538526366
99,-0.060329773793966625,1.104904794889217
100,2.578851135582183,0.17161529587861224
101,1.322531465192668,1.1683072633657516
102,0.12323455526266971,-2.1759584395637526
103,2.35706546676691,-0.2792258539520947
104,-0.6082865610700485,-1.2268019862921484
105,-1.0270558012445443,-0.09958532761124986
106,0.7067976805586776,-1.2366072425177312
107,1.28320685435595,-0.45354360163856894
108,-2.188993734850558,1.317291684305211
109,-0.38871271887037645,1.3237491245264124
110,0.6865652545342361,-0.5091755344072735
111,1.088364661135667,1.0696517372758394
112,-0.11637269668833025,0.18218221767830173
113,-0.7679578772977044,-0.23235647047877991
114,0.6662292246685388,0.27597949860553744
115,-0.7077939282695525,0.893724803861456
116,-1.5390976453347263,0.33768136890109823
117,-0.9093343387525159,-0.8358250101021495
118,-1.024494994978946,-1.5627484062914978
119,1.2831211349285503,1.029750913567821
120,1.4720453887643035,-0.2349000402576818
121,0.6462735996923508,-0.24567338142785058
122,-1.0245235983948382,0.09124076636220872
123,0.3109332824867289,-0.5780277788849679
124,1.1642753375159256,0.25347224242341204
125,2.1508916731406305,-0.6758385709985337
126,-1.3066476996228702,0.10636122485221502
127,-2.7282081771175997,-0.1456849408102394
128,-1.7670659163598088,1.5398642211593219
129,0.8281077939424193,0.35167598341230916
130,-0.856519356628208,-0.6034978209379074
131,-0.055978132544816296,-0.1789526433277353
132,-0.6310382517692185,-1.1667479974548878
133,0.18136122670456378,-0.7853052444288635
134,0.08613061789183736,1.010807617110162
135,-2.653487749755009,-0.28626454970876763
136,0.7005478063858048,1.4033483940514881
137,0.2674646246280944,-0.2742098086278814
138,1.4481932423655604,-0.2834532874948206
139,1.078482062835666,-1.1490766849462533
140,-1.0516926142017577,-0.5926334344265402
141,0.1625319779830282,-0.28976705305359873
142,0.8283024425674034,-0.15711507205419817
143,-0.21481305167526496,-0.2074477226074432
144,1.4786708537813633,0.32761187649701873
145,-0.755720243036178,-0.7870056782140773
146,2.8476039955901924,0.22863748652004492
147,-1.581783959126845,-1.0881174801346276
148,-0.3972925575030947,1.6701748988257237
149,-0.3508998583995761,0.9693826773393677
150,-0.11327360599146374,0.33154174353675153
151,1.3263076461629741,-0.2814547243385319
152,0.05141600995096275,-0.9213508670521188
153,-0.11923426197203603,0.44720862712766835
154,-1.2621463692276822,-2.388650352628859
155,0.018816717779760298,-0.5373366601962788
156,0.6440560259433432,1.0457590508499814
157,-2.070418303414459,-0.013054819201071408
158,0.4872895147475442,-0.6381568146400345
159,0.6913209041439569,0.1736329773920742
160,-0.7908295570114402,-1.148836921139015
161,-0.5157096591222247,0.7346668320792538
162,-0.6623592326134391,0.7002476518420062
163,0.22969753447739608,-0.8678592590764882
164,0.5045463948989494,-1.3712711381676894
165,-0.5542944027543641,-1.1292610713112672
166,1.5272866183579359,-1.1509885082740023
167,0.8480335932358181,0.9959501003757716
168,-0.7227680719175119,-0.563478730228666
169,-0.8523691405836825,0.18572082102828197
170,-0.18249474716014097,-0.3084967978146185
171,-1.2940091157336768,-0.33203869783546547
172,0.052837651316937934,-0.914124472338514
173,0.7922619113687991,0.5463485331903243
174,-0.6277500457367168,-2.114312645932526
175,0.5498264450640223,0.8204860958061306
176,0.8001843292040483,-0.5983134024480284
177,-2.707068364262019,-0.14085289483187047
178,-0.18054464312837334,-0.19983151317383965
179,0.17073168195004162,-0.6655024258471737
180,0.18148090357341976,-1.6366157415628804
181,0.09552264297940935,1.3084584405529895
182,1.4743669784302458,-0.18747587943558344
183,0.47769056464758236,0.06336127000734564
184,-1.394329242074861,0.292926215119872
185,0.3725038577668178,0.31722308059101684
186,-1.0805614340578371,2.867900234928908
187,-0.5589214181339612,0.8022675904026779
188,1.1485357424570668,0.007417794319156033
189,0.090420493748048,0.30941090781103175
190,0.5145618809962313,1.9772997208663419
191,-0.15869584744812226,0.2621275899991152
192,-0.149025615527085,0.17636338397848703
193,0.6364985883470263,0.25808785606075013
194,-0.29495596214375736,1.9343503295886553
195,-0.2877005840173369,0.7623945851363343
196,-0.4330177633635866,-0.9924209023533985
197,0.3231498246447696,-1.3537120650670418
198,-0.9408503243709001,1.630705213079818
199,1.1917189923616536,0.5126542971404615
200,0.9859565726362444,0.5237829259119258
201,-0.08737721137895439,0.9834007113925728
202,0.7859583060182793,-2.350720000262765
203,0.19422395575953239,-0.7899187421141828
204,-0.4343448659989709,0.5967114184019736
205,1.3829885124447734,0.2428516661707863
206,1.5928164228735306,-0.08065784055696622
207,-1.5836515964301274,-0.4204645009196634
208,1.3189475252295293,0.3300430024592511
209,-0.05668036018190869,-0.998446083343257
210,0.0057834621008045345,0.20000921865892357
211,-0.6393051075376701,-0.33404445805913857
212,-0.38978298584682247,-0.7826119341788548
213,-0.5682926412663728,-0.5499358515519854
214,-0.4260288859114253,-0.9613077412572089
215,1.7654842881349382,0.37988025586393187
216,1.419993527186278,-0.9858772266779607
217,-1.651088693738973,0.6139375510388947
218,1.7613384530304979,0.624918696002055
219,-0.8724931998732476,-0.3399444407698152
220,1.1045717981343466,0.9872719775844925
221,0.37264700228164077,2.095285280175502
222,1.764105934629291,-0.7232114917628395
223,1.583861422218189,1.3180321605726635
224,-0.9571940402733887,2.5040127954424567
225,-2.5360933601122175,-0.0009487889507527513
226,-1.0504296738304268,-0.8009711237760829
227,-0.22796729304863522,-1.7571974193536501
228,1.4923996232786019,-0.7840620535535909
229,0.027931786297513243,-1.7182124871635074
230,-0.6467204692355359,-0.3267060723742459
231,-2.058697063475894,-0.3636143738159516
232,-0.3215074583542174,-1.599850998989289
233,-1.316672755447733,-0.6464938438554065
234,0.47723567236720826,0.16514708019261992
235,-1.5169884683924952,-0.6318634243554387
236,-0.3203215284391833,-1.092110522875548
237,-1.2674358128505767,0.03244723794228708
238,1.346324071517931,0.8090835815011288
239,0.3472713353626208,0.8798600960729418
240,-1.2518872361706,-0.1086398432841292
241,0.6080992277550576,0.4233138384647647
242,1.2649407874779748,-0.13055381450441408
243,-0.8723640770204673,1.1179379713773456
244,-2.3521388707534925,-0.16790603611585012
245,-1.13420227286238,0.9628805640693738
246,0.5131676914626685,1.134306486987634
247,0.4005741882591584,0.707638691850061
248,-0.47271922747923834,0.36856337346291546
249,-0.3977560269818616,-0.7341321033070024
250,0.2590086066199063,1.2671600142019124
251,-0.2062688468648838,0.22157682529702716
252,-0.7475287317315492,0.5573811788872586
253,-1.8738923996623855,0.6441016414501598
254,-0.7654254211536506,-0.48939664387380116
255,-0.39650423423387426,1.208215538833261
256,-1.2600287159655916,0.555167496685911
257,-0.7314332377437789,0.1767815464789863
258,-0.4309666595769073,2.1636224997144162
259,-1.3888001717910072,1.790234330571667
260,-0.5169134969402945,0.08108466331036546
261,-0.024760343544198093,-0.7766301473741964
262,1.0021239036559166,-0.11554026073351044
263,1.0494478062066643,0.22800182555010456
264,-0.3557615025851782,-0.06738280291712724
265,-0.5781323967872185,0.39036153643315535
266,2.7668793867802672,-1.5880681003800103
267,-0.34241142616153347,-0.8175876257828648
268,1.1266167112287877,-1.2357927501574446
269,-0.8042015949690118,-0.1826855492902507
270,0.3618182017420921,-0.7960505486691547
271,1.7051396951407958,-0.11163209974686371
272,-0.24789284199665773,-1.6167470642637514
273,-0.45822824427241204,-0.03981907697987516
274,0.0423053245037855,0.9599887076217519
275,-0.3781826469754274,0.7367825429182243
276,0.9857444070947902,2.098417652475993
277,-1.778966788419388,-1.5800105840671326
278,-0.761179981210006,-0.45359844474736316
279,0.12708704110466715,1.3892802744989727
280,-1.2605757352503186,-1.3735054731769925
281,0.3796571868239751,-0.29548423942881885
282,0.6098034400129131,1.804460229447467
283,-0.35462986440955124,1.2758482005973697
284,2.2527560543265275,-1.197344754758117
285,0.12151773619223499,-2.2670919113422805
286,-0.9306761022766895,-0.7625830893524987
287,0.6221861336488916,-0.3286355043255162
288,1.4252476617974932,-0.6288791809159584
289,-1.5852221555843065,-0.5497302125938933
290,-1.1022667700597826,-0.05361414071040748
291,-1.7759314825568666,-0.7167743063217492
292,-0.7104748229672202,0.3705642401458793
293,1.4704305107458515,0.3804319887177049
294,-0.7235900039278315,1.0437577732917076
295,1.0194611159467637,-0.81490810597682
296,-0.6133825454962137,0.7656588828084159
297,-1.3614172464840428,0.1286236149742574
298,-1.13561728289376,-0.8926815060566163
299,-0.2864960504073866,-1.6373645897830333
300,0.6046877796483273,0.13186950057713973
301,0.30138982546386184,-1.5005933675072984
302,1.1173382549365531,-0.0105064258168275
303,2.360908786157482,1.6251146198835313
304,0.4069921219637072,-1.300582665615607
305,-0.5191765253125342,0.3150836602229392
306,-1.3370549646378325,0.33564181013865235
307,-0.13039157753309305,-0.9131689145226938
308,-0.023473274203011252,0.03146783141280719
309,0.9309473888237452,-0.40610186241347795
310,-0.3535795709740044,2.0091161629738346
311,0.6980426234565825,1.1537590632615486
312,0.3733057955451189,-0.46498617118168867
313,0.7957867893346178,0.11833749944680605
314,-1.1248907308643252,0.6661313377848251
315,0.17981931326476844,0.8100709606531455
316,-0.5121532348280139,-0.656639832253787
317,0.019820223854021466,1.0242455918997455
318,0.9669158052591534,0.6382092448648332
319,-0.18200064338884114,0.5186464623232446
320,-0.1158836489828411,1.7015954111972467
321,1.2300393248994248,1.729554251416189
322,0.5152692243797856,0.7927183816823005
323,1.3225117947022247,0.8816096249360557
324,1.1647045795412865,-0.8059044172794199
325,-0.5767761441648805,-0.516174949466623
326,-0.13075937458510659,1.91572964942324
327,-2.158526552163323,-0.9345603423381562
328,-0.38171354626703685,-1.757149420945893
329,1.2348958811321533,1.4226400293722123
330,-1.7678689773374339,-0.40985977691928727
331,-0.4683274873599713,-1.2288445478413925
332,-0.7585217690253624,0.4197572895573448
333,-1.9365703520536022,-0.266567996373701
334,-0.010737921235301973,1.1449026066866557
335,0.2685029606082186,1.0545710631104552
336,-0.7581369359221705,-0.8248919226393643
337,0.4166397061799372,-0.8031386019346043
338,-0.7896002113414972,-1.2987151312646465
339,-0.8346574740421808,-0.03870448097745601
340,-1.3053743091484007,-0.28244990944664355
341,1.7538007689474326,-0.2867929995358814
342,-1.225200710146323,-1.2256808858335253
343,0.8233908188305469,0.0777107474573611
344,0.19647162823103118,1.1151789234808882
345,-0.846677808583706,-1.11455902957131
346,0.05454642887990245,-2.134268488018474
347,-0.6100647190786208,0.01360745806878711
348,-0.15595564307233217,1.484402610882672
349,-0.27780846789940833,-2.443208128259903
350,1.3391068776747024,1.5842521827173854
351,-2.1060425523669006,2.043197885703879
352,0.42170207647482444,1.1980495825388167
353,2.1395040109594974,-1.973186027625899
354,0.7740917249204646,-0.011322174858074196
355,-0.44113315901023964,-0.389675899115707
356,0.09873614705426803,0.8756731447285762
357,1.0814404232638677,-1.1362784930396799
358,-0.843784770963382,-1.5422087384455505
359,0.6070471349911265,-0.015121267062573518
360,0.6693056457681343,-1.2746887197179102
361,-0.2428043039381162,1.225745829239861
362,-0.3614289210805629,1.8753608294780417
363,0.005020751044760622,-0.08191462136408184
364,-1.4264414431198538,0.793806132112888
365,-0.6864029584812018,0.8594634117971545
366,0.31808782954725295,0.2652863205915266
367,-0.3802989372537239,0.7107187099106037
368,-0.8676379847516676,-0.3295377363658912
369,-0.26318658952918583,-0.41799277902229137
370,-1.2590214836473317,0.6088469566390367
371,0.09830617135638506,0.6539749955480498
372,-1.5464430232575197,0.5547834379947492
373,-0.4712963099940204,1.3347052940316424
374,-0.28376898748505536,-0.7169755992851184
375,1.3548874350460673,0.2210458795169173
376,-0.18304404541084543,0.17797501712384237
377,0.12140453456548869,-0.3513781283000623
378,0.061128842711577036,-1.727944970473723
379,-0.08821832208327066,-0.7441690413616469
380,-1.4704204202615343,0.7075357511841646
381,0.44626150840810747,1.282432316188479
382,-0.4679765088486246,0.5071945773171486
383,-1.300206087909887,-1.7778944611345378
384,1.0205981392960686,-0.8417917850556474
385,0.09142274117906772,-0.42448652599850245
386,0.9323398563819789,-2.2483493830777928
387,-0.7610445381787004,-0.3647766847368995
388,0.7251610877741965,1.3662643481768235
389,1.4731700985727938,0.4257278971740533
390,-1.2043441775364532,-0.6227084677106495
391,-1.6988271143666638,0.5525405492560893
392,0.05666960461309389,-0.41492484574080374
393,0.035140748857096345,1.0194923065299708
394,-0.06483303523227536,-1.0100868864267747
395,0.28294627883451945,0.5245025397707412
396,-0.6492329818539597,-0.9761182002802825
397,-0.2200795613333582,0.796973886806857
398,0.2351880357773984,-0.41268298481378607
399,-1.0748654875302237,-0.3801536170301058
400,-1.1308802620792375,0.2806721951778923
401,-0.6815668543029243,-0.3869200198806298
402,-0.2725025402880724,-1.048622167723951
403,-0.03934429159302559,-0.4000511444188633
404,-1.8375460427157613,-2.462552456484358
405,-0.3003288723384716,-1.0565148658955024
406,-0.057313464087532844,0.3877365504453175
407,-0.491566075249444,0.5788924531729396
408,-2.411473940197487,-0.33311337969193755
409,1.0219335674165548,-0.5774568060484159
410,0.18335682542595594,-0.323084932449546
411,2.7259128115662574,-0.18240098255259857
412,1.981992340944575,-0.22759997758026781
413,-0.5417903454345412,-0.41389469546476015
414,0.9155062657646746,-1.20445995732654
415,-0.8122275568351061,-0.5495449588747457
416,-0.22750807945874132,0.19419412021389548
417,1.1338760657775102,-1.5670163479349641
418,0.033271598625871625,-0.4443177920766216
419,-1.27135951982003,-0.3174879481691749
420,-1.4868179614232186,-0.3414684786444242
421,-1.4898209684083221,2.158878735510473
422,-0.3224244547381721,1.690494451826346
423,0.8582539661585953,0.9439071108997887
424,0.4640550597797301,-0.9313766683136563
425,1.285125662283474,-1.3238855241101726
426,-0.9131793505153409,-1.0064663969511765
427,-1.0634528226549333,0.3924823605623425
428,-0.16734738333952803,-0.3596587446718129
429,-1.1209097650857545,1.1967740316214939
430,0.12031081218950905,-1.5866957334247016
431,0.9341503015007824,-1.091195153717607
432,-0.3529283667867243,-0.786296345494452
433,-0.2574911302358496,0.5796940222246258
434,-0.5120993552264158,0.28947192600095345
435,0.4812721856569914,0.4679107113747698
436,1.3438065416956793,0.09308631208938552
437,-1.4831538744478538,0.4675642720201013
438,0.38708743744988344,-0.5595970397090761
439,-0.4294258506138114,0.14274025072167065
440,2.280061292349754,0.6461281062777885
441,-0.15499667483088536,-0.2493781811486211
442,-0.7971720879925028,0.23140451355119943
443,0.12968602134727755,0.10355322356877315
444,0.937268069552234,-0.7653647552894974
445,-0.07148490327390179,1.3176723797366674
446,0.03933172645325355,0.8124924055272711
447,-1.5222048150525458,0.5217936936609334
448,-0.7082818888059912,0.5933563663168514
449,-0.6585830733766065,-0.5862514348968889
450,1.6530564172464188,-0.4724316881468221
451,0.9332181055025479,-0.9041336878310673
452,2.663220582519054,-0.7998291919134495
453,0.6742737035141948,1.7675402352924023
454,1.1395641354182127,1.6940317974606116
455,0.238648401074753,-0.8601078911513481
456,-0.043600087188061236,-0.3413420755509454
457,-0.6812833670244637,0.2617019257731514
458,-0.6229771528585618,-0.17087469529403737
459,-0.32225804642394446,0.6137053055317885
460,-0.816459512138895,-2.105481655418983
461,-0.2835812756253902,-0.30593532674183066
462,-1.0509553232939424,1.2055129361470984
463,-0.6292987050901908,0.3228806029358378
464,-0.8951205707613819,0.5792297223777684
465,0.13617846137485093,-1.9217154590015708
466,-1.19255475192496,-0.4074132651672922
467,1.1355117412343068,-0.4544176786339444
468,2.45033891244235,-2.893254994435745
469,1.0423482911264532,-0.14983031206227213
470,-0.5209952949141345,1.4297350951468166
471,-0.9015154516213686,0.005667040983022051
472,0.24119926381010007,0.7913582972723961
473,0.4647797015248714,-0.1903381920105935
474,0.3254712134027301,0.7694789694155217
475,-1.859256824372951,1.216912704940704
476,1.986330048373563,0.24965055757866755
477,-1.4746884141095367,-0.03236564380513478
478,-0.33070894035746917,1.8860896693415132
479,0.2841233285124539,1.950790094875592
480,-1.0654481578075425,1.633494083317834
481,-0.9621397354600778,-0.3803132227424978
482,-2.233260965737561,0.7727740373798022
483,-2.9588732900743104,0.4952901433070382
484,-0.04463377353421015,-0.07525517436099659
485,-0.4040837062495682,1.189385473723028
486,1.155016480376381,-1.0208784070495462
487,0.5066081116159123,0.26626782657544185
488,-1.7695495483554131,0.3897174343949658
489,-1.7288851680677686,-1.9136020250557104
490,0.7249391789946334,0.09042597968390474
491,-0.37811217908324457,0.7214361774539808
492,0.05842339049934883,-1.4088804621041515
493,-0.8235785659352001,-1.9095996778286461
494,-0.745770826189565,-0.953369267038835
495,1.0297823915875093,0.029053680088029995
496,0.7530730186919393,0.114340383116809
497,0.16060675192429766,-1.0994762238624065
498,-1.310918678860438,-0.1885393547196182
499,1.1876079046074222,0.6133118932954962
500,2.0056118017785978,-1.4578272077552952
501,0.8889263377572361,1.1025654912096647
502,0.476150307520941,2.5029865269719833
503,-0.20396227852722712,-0.39490054636429267
504,-0.11809746206190516,-0.33628214162352577
505,-1.1634702600391635,0.10635177437701422
506,0.8358264771174575,-0.3862550774025164
507,-0.9049897576971899,0.37632184495634907
508,-0.015029062339293308,-0.9991938611434901
509,1.3874483532695672,1.6111533659041972
510,-0.684337264763127,-0.9260374103095051
511,0.48945248761771626,1.013083133943482
512,-0.9670332130940973,1.1636767500842442
513,0.3988135873127098,0.46502654503373936
514,0.5652403565237758,-2.0104802612108115
515,-1.6934391549636858,0.935315601007156
516,1.6329746747998943,0.6563595595287228
517,0.4963442911527173,0.3846171824124739
518,0.3132463216584807,-0.3067539657492325
519,1.172217826452382,0.42750106689647843
520,-0.9710769727924653,1.0907049833465339
521,-1.5365403579708294,0.15380167014547233
522,-0.22304310781994668,-0.9387411288898405
523,-0.4477370321900379,1.1062782388234074
524,0.23784845127637533,-1.6466012492756137
525,0.11535114690358445,-1.1694114795264343
526,-1.4593647537544563,-0.7610232483856962
527,-0.6990120807235327,0.4461628574679698
528,-1.0298786446588952,-0.01308509136115072
529,1.8033422513198547,-0.7355766979189751
530,1.634946795790975,-0.07229435767461115
531,-0.2438551822255224,1.1856494370701824
532,1.4949619105326266,0.4366541508933841
533,-0.8753519795337953,-0.11656201635188115
534,-1.5296523245620126,0.8242475720130815
535,0.3520523516763571,1.115271500092979
536,-0.06884266556179916,0.68284382547719
537,-0.8443422558256047,-0.34949678646961957
538,0.5570826328745742,0.5771086399215988
539,-0.9174626906992117,-1.3619052523519866
540,1.1520273869843998,1.4902403065283032
541,-1.5569374300738,0.3100063613374822
542,-0.3799853520832796,0.1744641945292735
543,-0.5725782174096335,0.8409904924731421
544,-0.5828854234213107,-1.0634955284963592
545,-1.2698002982571286,0.6375619860464125
546,2.046394082896979,0.5972512472288656
547,-1.1970035091026465,-0.2659310373738993
548,1.1242686763030862,-1.11686665147374
549,-1.1883408706839518,0.1513348470267209
550,-1.0839102778508047,-0.9077823174526037
551,-0.0887616191492077,1.3671052537668151
552,-0.061983732614828764,0.3772106946417894
553,1.8599717614305233,0.8298243648024579
554,-1.0011191616772546,-0.3137242455652556
555,-0.6965589623128601,1.325553743456596
556,0.5599850030781214,-0.7697100054533333
557,0.7444591014429429,-1.3561007440326933
558,0.8403943694207038,-1.5975230748302511
559,1.4377657602324783,0.2560051721495103
560,0.35755058940743023,-0.3159658976914757
561,-0.19254647336547673,-0.8059073244334498
562,1.1599220114489448,0.2906456543795385
563,0.5375279382067321,0.5342870087147618
564,-0.3833734746285594,-0.10098093757179231
565,0.45901624922796047,0.34114993564243856
566,-0.42773260871873814,-1.7317438027165113
567,-1.1342233535357225,-0.34515091561652267
568,-1.0544063802003472,-0.8193505881476898
569,1.421685277252502,-0.04368423169491411
570,-1.0348559083026143,0.27232614848049996
571,-0.313882705285659,-0.9306498322478274
572,0.792022091208137,0.14489171870024095
573,1.0012625991217194,0.26724098691343995
574,-0.6350038518871012,0.09282200929593357
575,-0.5434387509188398,0.32341163128637057
576,1.1913868568713808,1.3388100513710335
577,-2.1320084131905097,1.0548066008044121
578,0.0772644298152563,0.07956541565507341
579,-0.2720966928217565,1.4604017656321242
580,-1.1920921240345017,0.43156243133975164
581,1.4288473188119173,0.6379799945702255
582,-2.5715307146698723,0.20266793549064935
583,-0.9925851599420107,0.8146064346511832
584,0.03033103350662994,-1.0572018145193687
585,0.12709012905309183,0.10201993319378498
586,-0.2027908788289852,2.8038050530398784
587,1.2237023766103976,0.2512521641450605
588,0.24884545363465962,0.4210760466551016
589,-0.153611750322663,-0.23902070117645752
590,-1.4316897316174295,-0.9086849034041614
591,0.25076173544380237,-0.7507248649121216
592,-1.0227481525010036,-0.9942667838875815
593,-0.2434514032287755,-0.5798866109047409
594,-0.2144040724650061,-1.7360224560555575
595,-1.3023574393484354,0.33913406227255755
596,0.5304297838418419,0.950226712828888
597,0.5753634591224791,-0.13312879528395877
598,0.8691574609112205,0.5537312069333333
599,-1.0490368518626407,-0.6277762115811845
600,-1.246071110248566,0.3290059065984513
601,1.0188983038833175,-0.42150291162656534
602,0.907369091586175,-0.07349725405378295
603,1.277431309106761,0.29083415338520957
604,0.0144512018679709,0.7230595026236317
605,0.033372322079360486,0.3256119529943364
606,0.0772763662370951,-1.2790727219302578
607,-0.5780148837491222,-0.10452404978396751
608,0.4750473307666112,-1.6930316624607333
609,0.21104374658497307,0.9048647136915563
610,-0.06313747582330033,-0.7335098499548302
611,0.06653482238251987,-0.06512903444768435
612,0.37540329560261204,-2.0904397141313273
613,-0.6392960081991105,-0.6932534603378478
614,-0.44819327454418656,0.24656067533645243
615,1.778684304348295,-1.7663450678405586
616,-0.45785072021261125,0.70551125604831
617,-0.029438941070641,-0.41312995471918146
618,-0.051844206856631735,-0.20070655851216546
619,2.280113177312521,1.0203644547889532
620,1.4679229797674664,0.2093975063666933
621,-0.08524745430607274,-2.0250664671493923
622,1.6060852754890798,-1.5684571831824683
623,1.392835010371831,-1.2741533445948676
624,0.20079488166555023,-0.18251575962238029
625,0.7795141957688654,-0.05259403367948224
626,-0.8225956512395896,-0.4139839874452141
627,1.0196562438784693,-0.08892642249505556
628,-1.561097555112025,-0.0924902673688132
629,0.35379546054911326,-2.386566231333137
630,0.06726919704118224,1.007867046843056
631,-1.3044096931941003,1.4371734652866586
632,0.7869957382507397,-0.4722648427243766
633,-1.2584243073498387,0.5334977242801354
634,0.1341936397224709,-1.3635848400328543
635,0.3104465305986373,0.33493975209333143
636,0.47120543784607366,-1.145867351713024
637,-0.2728339409147225,-1.218728883857579
638,0.42935393055631355,-0.7703399670373016
639,1.8937908687169491,-0.8267852131857906
640,0.7868375180815639,0.4126731744168556
641,-1.0673918759476566,-0.7490909934562016
642,2.2248466307096706,-0.6214250413564123
643,0.09265227625766762,0.8431207602706584
644,0.7120915601076043,-0.848327220779846
645,1.5094518578156482,0.23744086651732485
646,0.07042430039790469,-0.009455745610862475
647,1.885887697958291,-0.1445449323297448
648,-1.12435037515917,-0.0949748464450134
649,1.124177679528086,-0.136440630071967
650,0.94705384873725,-0.7235623194238477
651,-0.14514081952965502,-0.8684052643880401
652,-1.0940456431397898,0.7643238261709561
653,0.5351721461875755,3.2299226867006254
654,-2.138572196147892,1.034761477881223
655,-0.12547433143763415,0.7587507141344884
656,-0.101186423178316,-0.03633845041528299
657,-0.9846610673912245,0.22434324680729076
658,-0.4766548411706143,0.4527764753486518
659,1.084590972170541,1.0778210591490438
660,-2.8493818293438733,-0.08085916591962562
661,-1.3394517620843658,-0.549104178224549
662,0.5097734662351043,0.7356980104190871
663,-0.4154292202529261,-1.8746612638164484
664,-1.2240791061773757,1.4160918245975878
665,0.06528682849400552,-0.47258800640687837
666,-0.3499608715920319,0.6305788210089717
667,0.6281102444630328,-0.6237803318637735
668,-0.6325836176363226,-0.17535663421365744
669,-0.3872863019501124,-1.239041515609173
670,-1.2992530293801934,0.8464572207814411
671,-0.7828579388656519,-0.0058436482708834414
672,0.9511966020864905,1.9577045946878593
673,-0.011099956233235871,1.2173527835292957
674,0.18316211082430559,-0.24789412680881343
675,0.24013828151109362,2.222184875547064
676,1.0465878627840586,0.20022334468565983
677,2.3471546885878567,-0.552973460508558
678,0.023224350136678673,-1.231470945184064
679,0.4272303532860508,0.4258444734135429
680,-0.15661377135837246,-2.1696504724964276
681,0.185903652496698,1.220306507557434
682,1.3971600273050055,-0.21699144969321016
683,-0.19173426925992007,-0.43962331092597173
684,0.5852179277486934,-0.4465030886132228
685,-1.9021528951029252,-0.2609563145897137
686,-0.3895123747265375,-0.34976500691930223
687,-0.02462078763054747,-1.0014499992874442
688,-0.43842819043943193,0.45404089291866545
689,0.38377499702981904,0.6396865779648104
690,-0.9479428037869554,1.4139140717258594
691,0.7099505571277169,-0.964204317927413
692,0.05477502243648466,-0.011059476676009776
693,0.8897500841692997,1.7227187255978456
694,-1.8022741569623175,-0.8247207418865903
695,-1.0829598897401356,-0.6294681125555411
696,-0.4822291083210384,-0.8236937860941262
697,-1.001750565086632,1.8739525993138535
698,-0.6203655122972749,1.1097297402744555
699,0.4697030628497264,0.3522803703034148
700,2.4562312248743323,0.9439105270322938
701,0.4586240035568341,-2.012552055157156
702,1.0154673194064217,-2.4304685908955346
703,-0.2882370935301497,0.15127828018976525
704,-0.42606908554576034,-0.5877894129189316
705,-1.3364369771434328,1.9243013047012605
706,-1.5136300271869632,-1.0258421760959124
707,0.7822021993360788,-1.0502055402762687
708,1.4372178368267656,-1.057816743155006
709,0.6601308427041725,0.9027499483799761
710,0.16551222356765857,0.017446074286713912
711,0.6904400523985361,0.3708861936263444
712,0.6927529373694248,0.17330825987220322
713,2.4656314533958286,-0.8992777473704303
714,-0.10538300838968696,-0.18258634142839497
715,-0.5948187348558674,0.09315507042977482
716,-0.21997936620356512,0.1646752880200657
717,0.27087922471745457,-0.5872656708503414
718,0.4489219298709622,-0.9521762895241184
719,0.9961051728288897,0.147652786174955
720,-0.7732942983492277,-1.6226215186998527
721,-0.9337571926955796,-1.2029945089714855
722,-1.6843860246915283,-0.6125756036963736
723,-0.18574666881719057,0.2295719249421121
724,-0.09286228959512106,-0.0271794334828136
725,-0.2400742361475922,-0.2217928478962136
726,0.7136383347693033,0.28422511840423514
727,0.13696117503467284,-1.2751172093099468
728,-0.031569052621241996,-2.1491880185538323
729,1.03104037257876,0.07973185852117128
730,-1.2120679683048852,0.8817829583510285
731,0.3700712980809394,0.025698668781573557
732,-1.0355229770834393,-0.5371011885345278
733,0.1273010319107553,1.0358357656409383
734,-0.15205975693815643,0.11107223034671079
735,-0.0113192312118212,-1.3256398889656258
736,0.37011729029751456,-0.8171172357233334
737,0.09408447292633276,0.20448031942730588
738,-1.9760519601485211,0.48348324842797863
739,0.5655161347061672,-0.27197674584452686
740,2.082708516756985,1.2831354710801552
741,-0.3642543940253751,1.2804734470635588
742,0.27521902844895746,-1.3860251063637017
743,0.6045241531987684,0.572159093413094
744,-0.6386587736230066,-0.7096471592149003
745,0.3550325500314944,-0.08781214164448163
746,0.26556406716229886,-1.3552707071089953
747,-2.1179649200981316,0.694107812874491
748,0.5220914469260551,-1.1273270824182358
749,0.831192331423903,1.471738664184186
750,-1.1779567021788928,0.7953713633764762
751,-0.580412032532655,-0.31033557417547963
752,-0.29228237506246335,0.23579420883463056
753,0.31407837312122333,1.3904353439708346
754,0.1799403830112074,0.32430534230998886
755,0.9974211871372302,1.2206765596045253
756,1.2119024618818024,1.2018736790178046
757,-0.11637266793509941,0.24491358250821793
758,-1.3806709007566311,-0.8581751115456001
759,1.0837548710072853,0.06624583257194071
760,0.18193587591565882,1.8011712790558256
761,0.5342494821645059,1.1746995059703207
762,0.9086669024366796,-2.2158505970779148
763,0.5170191173576276,-0.3555714367301945
764,0.6463174304689958,1.4585703229906533
765,-0.0163888945419556,0.29985324133874275
766,-0.6779264240666037,-0.3064304317020115
767,0.3244885725412143,0.26177243092710534
768,-0.8740684699529565,-0.22701424529091957
769,0.7429124573347172,2.07202157188682
770,1.8159349943221723,0.32261549430690317
771,1.7001549039959636,1.3599568110519946
772,0.6363570440307265,1.5179639164449326
773,-0.7531888738247626,-1.6833994195675077
774,0.15854415228485766,1.4739494788756329
775,-0.9789898724427669,0.7104395387823685
776,-2.6337080157000083,1.1967801394870752
777,1.1112900007944932,0.3886809893699664
778,0.5239356155794728,0.21035010990717645
779,-1.0501361840576477,-1.5199166366484522
780,0.8409575621838303,-1.3437550625292267
781,-0.27096422656509483,-0.22356420781716407
782,0.6361178364904302,0.3644596342735074
783,-0.1959093255775018,0.9688481032386859
784,-0.2536455426653617,-0.34431263951794694
785,-0.8240501346742268,-0.8264489151013276
786,-0.6780288867179672,-1.2813167043229228
787,0.12094113930706146,-0.7603815230645418
788,-1.993248607856906,-0.10079587801033907
789,-0.02009744540823061,-1.0278793714225711
790,-1.0248174739905118,0.21719029356784034
791,-1.2490801875935946,-0.7420094656405148
792,-0.7607291181464226,0.6538290838655255
793,-0.021780650114010702,-1.0253154047775213
794,0.47485751636011814,-1.2890095332234819
795,-0.8919353118702817,1.7670195120071779
796,0.3287679838752839,-0.3546998653053735
797,-0.9020224027149563,0.008600549347108577
798,-0.4972675153007603,0.2352956042407067
799,-0.4635885562661754,-1.3169479628611098
800,-0.2509132417008432,-0.12329700122527693
801,-0.28125850121445445,1.8437941339574593
802,-0.6697589443099492,0.2580508597997884
803,-1.4252041282161643,1.1632221913500231
804,-0.3571069260019264,0.9286617279210508
805,1.1860009367613535,0.8108903249324868
806,0.6125824860648149,-1.1290292173616272
807,-0.0279240129992772,0.1541813517649949
808,0.186483548174496,-0.5573318089046693
809,2.1182025802842532,-0.6100363138237201
810,0.28183897552695397,0.8964713587864352
811,0.09743958697546211,-0.6303492995728371
812,0.01314456861059899,-0.6200736181826909
813,-0.19535087335447754,-1.3968202725784125
814,0.28147832935210676,-0.2333671266216194
815,-1.720900766858767,-0.2547976810397266
816,-1.4501839045450386,-0.04031353940782454
817,-0.3910657592761139,0.6060763611204217
818,-1.548726139636503,0.517877265972117
819,-0.9565573746788619,0.5512457983345452
820,-0.33385045195920643,1.2517192634028464
821,0.5673455206176633,-0.08662688926073184
822,0.5301947875821011,1.4434098657197452
823,0.3305183910761463,1.390924079553432
824,1.1514825323365416,-0.24212234463497515
825,0.7284583159784676,-0.6259286834217431
826,0.13836900278008854,0.1892624779867346
827,4.235340806168166,-0.9982173760514016
828,0.13436111771758966,0.1834759649809639
829,0.6412647134694557,1.3312712603739052
830,1.3229554556485652,-0.02459908702810826
831,1.6070475415883574,-1.7867098243417168
832,1.6572791393897481,-0.38480651825832796
833,0.049762434375152736,2.533736635997571
834,0.2566738869276715,-0.5823269590940681
835,-0.11224408537607296,-0.843620520516793
836,0.03187829190799656,-0.14269007573521217
837,-0.2345077597670305,0.0004946139266612998
838,-0.2571847593504592,1.48842156544196
839,0.8438991541145942,0.5470566341046952
840,0.18671378172078604,-0.6553661982582413
841,-0.48819957182896484,-0.8509489795739589
842,1.5293172493220677,0.1644921877769438
843,-0.16280355103380006,-0.40411494713445995
844,-1.0411949330331678,0.42096369372785786
845,0.8013500199864242,0.5548064741906489
846,0.585584860787656,-1.6045154123103131
847,-1.3728296752027103,1.077465976723735
848,1.302582809380404,0.8505999880861808
849,-1.4337385555320534,0.4120471549582758
850,-0.06764644593269026,0.12055458148121136
851,-0.5532678154125638,-2.306947051685433
852,0.2322692998162753,0.2774610085709647
853,-0.9392360300257835,-0.7317437732186999
854,-0.946475572319095,-0.8285385636771077
855,3.4626820452218112,0.4592037069951943
856,-0.711332015911116,1.6539121871666422
857,0.5785074833210395,0.6232645749059804
858,0.8027372593032807,0.5646855834662597
859,-1.013798067258129,0.21409722797235736
860,-0.9475441049650307,0.43194884046048054
861,-1.1122769593361874,-0.21697323037479568
862,0.6444714234141066,0.18780489101994172
863,0.5588205017507624,1.6268436674857
864,-1.4103724941916376,-0.6953548281909606
865,-0.13161760415678606,0.5859929659438681
866,0.04138452116983467,-1.005590799133855
867,-0.5575180869314197,0.05113192638410884
868,0.915181469799413,-0.05604698254389425
869,2.6264067633277732,2.2178237897070114
870,-0.7302195525069687,-0.04843603306093426
871,-0.13715922154418256,0.5148605851105239
872,0.4098458566590999,-0.18931108031921742
873,0.5222573456061046,0.21385256779450293
874,-0.14397870255488593,0.9406317343492007
875,1.875481715261039,-0.5539158901030848
876,-0.9566512864632307,-2.3439648878748742
877,-1.120312904471377,-0.0119577673300579
878,-0.10252320066437436,-0.4488212433601245
879,-1.3180121430930587,0.49538956964950104
880,-0.46709657496955936,0.3943880132788508
881,-0.8751803198854162,1.491051577121676
882,-0.8175262680627928,0.2464139412546052
883,1.8341767643499605,0.8050368227857236
884,0.28678143496721886,0.7518302154158922
885,-1.157815408507384,-2.555435194631923
886,0.5506256850915147,0.2088120102746196
887,-0.6326005707567788,-0.7229625221638349
888,-1.1767585925352089,-1.2993691932572318
889,0.2931371761648501,-0.2854820550422325
890,-2.2666727683609436,0.19195007705174333
891,-2.645589470946997,1.638657038459769
892,-2.2327597239155277,1.1998659174468294
893,-0.5208605246026032,1.079820457396388
894,-0.3007431120594013,-0.6566367347312781
895,-0.8979109184429463,1.1005821486732925
896,-0.5048037811725504,-0.9456989621360098
897,-1.3967251202433602,0.28382885441366423
898,-0.10799809043208435,0.813122089330413
899,-1.3177559317839358,-0.1815809625699573
900,-1.6866621164764926,0.245688117061415
901,-0.46737354999421504,-1.5667444541584599
902,-0.15320768740014234,0.3441156957108324
903,0.2567034739603067,0.7668796168575972
904,1.5962871064858928,0.03676837391044572
905,-0.08331564806589838,2.0943086976968277
906,-0.2803104311449533,0.6098606340216829
907,-1.591619302668319,-0.28097741051941766
908,0.5577971514958142,1.3935513696470163
909,-0.765756709562151,-1.1599085451410067
910,-0.486333471251694,1.5405408045980082
911,-0.25037798154198554,-0.7963111330012446
912,-1.3370377542796152,0.24549182895155644
913,0.10770426874602783,0.656942990458765
914,-0.9372421281855816,1.9720009718937601
915,1.627197175361561,-0.7790843461773105
916,0.20421416348354549,0.874144250807553
917,-1.6345647563006238,-0.48242667241508835
918,0.5430707913036317,-0.6482354666601794
919,-0.9618564898554702,-1.8761858685010977
920,1.7391655560964503,0.18458304771576056
921,-1.342715772293026,2.146778332958424
922,-0.6735589034091588,-0.7954894772951144
923,-0.24346161828507543,-0.010210540536252394
924,-0.6149825299625692,0.019149568364988514
925,0.24386729407451674,-1.5651316083895637
926,-1.0620809897315613,-0.5201617041131052
927,-0.8281399680552509,-0.45028805213279877
928,-0.02442641596449625,-1.805170433200157
929,-0.02641147620205666,-1.3732574836683888
930,-0.6975729230022907,-2.133867504295665
931,-0.7680851670659757,0.10978832372162646
932,-0.03407508018926786,-0.2731200477431549
933,-0.2774926906107734,-1.2710462960839337
934,0.22834039722942537,-0.050228363850126856
935,-3.8612967028212055,2.312867404549872
936,0.9349709202518329,1.6562442988274781
937,-0.9754553665822604,-1.1608165928006344
938,0.33635899488799537,-1.857277015652774
939,-0.6352993681299689,0.4613213295116131
940,-0.3940882884454962,-2.491080467734554
941,-0.9747224408893229,-0.7057793116788834
942,-1.465896977251285,0.4217277606367075
943,0.04569697024359706,0.5595819063743876
944,0.5198302864617846,0.606587813708636
945,-1.1371693872874502,-0.7233104217097877
946,-0.32956285125355356,-1.6015578061544018
947,-0.18061467514658214,0.01962910370523408
948,-0.1281784983010469,-0.6988469332416397
949,0.4452175494135305,-2.5734307218614645
950,-0.2992909286675005,0.473815340483158
951,-0.014277293592146845,-0.25258382400422585
952,-0.8796589473950831,0.49925465033976696
953,-0.6628679096201693,0.5788793715642249
954,0.5850228074868633,-0.3841987962480514
955,0.36804512850991555,0.3526819958121934
956,0.21820507958943924,0.011008561115079207
957,-0.23772481545925417,-1.4337635503086195
958,0.6852427249596839,-0.04318330156182687
959,1.5528274112539282,2.6467626168913796
960,0.5839574552746982,-0.22295850631426664
961,-0.5035120558190309,-0.8354643715291104
962,0.8773181342033963,-0.8193099067453385
963,-0.029232564755469356,1.9517157375576195
964,-0.43750815278264593,-0.056087646579800705
965,-1.2944808226993234,0.7996208046862066
966,0.2745197226489897,-1.529382361375083
967,-1.4776437251848151,0.7392732841098664
968,0.02551967706068341,1.2639446340515696
969,1.5503707810104945,-0.4027641118108242
970,-0.2761150251012111,-0.6084782627116132
971,-1.9238921024401876,-0.17636153122495
972,-1.3768428226972977,-0.7303978697042397
973,-0.8147438424020979,-0.06556313216852876
974,-0.3393194873249201,-0.4380516762635465
975,-1.084794750906568,0.1587263776265004
976,0.9008880938512582,-0.30272524288101144
977,-1.2763151453096688,-0.28052071071135626
978,1.220391359458889,-1.5722149560709902
979,0.021730439723268786,-0.36102003915945585
980,0.6180493750272921,0.5161011649760323
981,-0.5850859093389417,-0.4900319024047476
982,0.2326921644125527,0.7614313623613013
983,-1.0427986437645556,1.2509502952023255
984,-0.14868765046505833,0.2882289243535997
985,0.921979830988263,0.4509346783900234
986,-0.3747470185230465,-0.8251916449032565
987,0.18869024981177157,-0.0122498714319416
988,-0.8424805671036077,-1.1525511465880687
989,0.11523391161764535,-0.2199004212648015
990,-2.0242532530430157,1.1459271908937911
991,1.164478625635044,1.1330914906511198
992,-1.095572479522545,-0.5509882418728619
993,1.570729004296722,1.1238127029855467
994,-0.1378341793386413,-1.6894540891871193
995,-1.0172344296662565,-0.8755693465810106
996,0.536011080520145,-0.762295331567597
997,-0.9173309866288801,0.7499139802598751
998,0.3823927714801883,1.3401012242962527
999,0.7002933316915636,0.3456179669963918
